score,name_a,company_id_a,n_a,name_b,company_id_b,n_b,decision
100,CL,cl,49985,MICROBILT PRBC FORMERLY CL VERIFY,microbilt-prbc-formerly-cl-verify,2007,
100,CREDIT ACCEPTANCE,credit-acceptance,14004,AMERICAN CREDIT ACCEPTANCE,american-credit-acceptance,3866,
100,SELENE,selene,3097,SELENE FINANCE,selene-finance,1695,
91,RENT RECOVERY SOLUTIONS,rent-recovery-solutions,3155,DEBT RECOVERY SOLUTIONS,debt-recovery-solutions,3142,
90,CCS FINANCIAL SERVICES,ccs-financial-services,27753,HCFS HEALTHCARE FINANCIAL SERVICES OF TEAMHEALTH,hcfs-healthcare-financial-services-of-teamhealth,4071,
90,CCS FINANCIAL SERVICES,ccs-financial-services,27753,BMW FINANCIAL SERVICES,bmw-financial-services,3264,
90,CCS FINANCIAL SERVICES,ccs-financial-services,27753,MERCEDES BENZ FINANCIAL SERVICES,mercedes-benz-financial-services,3253,
90,CCS FINANCIAL SERVICES,ccs-financial-services,27753,PHOENIX FINANCIAL SERVICES,phoenix-financial-services,2913,
90,CCS FINANCIAL SERVICES,ccs-financial-services,27753,MONTEREY FINANCIAL SERVICES,monterey-financial-services,2417,
90,CCS FINANCIAL SERVICES,ccs-financial-services,27753,UNITED SHORE FINANCIAL SERVICES,united-shore-financial-services,2263,
90,CCS FINANCIAL SERVICES,ccs-financial-services,27753,LENDMARK FINANCIAL SERVICES,lendmark-financial-services,2198,
90,CCS FINANCIAL SERVICES,ccs-financial-services,27753,HALSTED FINANCIAL SERVICES,halsted-financial-services,2115,
90,CCS FINANCIAL SERVICES,ccs-financial-services,27753,CMRE FINANCIAL SERVICES,cmre-financial-services,1988,
90,NATIONAL CREDIT SYSTEMS,national-credit-systems,20608,CREDIT SYSTEMS INTERNATIONAL,credit-systems-international,2312,
90,NCB MANAGEMENT SERVICES,ncb-management-services,6695,RUSHMORE LOAN MANAGEMENT SERVICES,rushmore-loan-management-services,3802,
90,NCB MANAGEMENT SERVICES,ncb-management-services,6695,THE RECEIVABLE MANAGEMENT SERVICES,the-receivable-management-services,1903,
90,HCFS HEALTHCARE FINANCIAL SERVICES OF TEAMHEALTH,hcfs-healthcare-financial-services-of-teamhealth,4071,BMW FINANCIAL SERVICES,bmw-financial-services,3264,
90,BMW FINANCIAL SERVICES,bmw-financial-services,3264,MERCEDES BENZ FINANCIAL SERVICES,mercedes-benz-financial-services,3253,
90,BMW FINANCIAL SERVICES,bmw-financial-services,3264,PHOENIX FINANCIAL SERVICES,phoenix-financial-services,2913,
90,BMW FINANCIAL SERVICES,bmw-financial-services,3264,MONTEREY FINANCIAL SERVICES,monterey-financial-services,2417,
90,BMW FINANCIAL SERVICES,bmw-financial-services,3264,UNITED SHORE FINANCIAL SERVICES,united-shore-financial-services,2263,
90,BMW FINANCIAL SERVICES,bmw-financial-services,3264,LENDMARK FINANCIAL SERVICES,lendmark-financial-services,2198,
90,BMW FINANCIAL SERVICES,bmw-financial-services,3264,HALSTED FINANCIAL SERVICES,halsted-financial-services,2115,
90,BMW FINANCIAL SERVICES,bmw-financial-services,3264,CMRE FINANCIAL SERVICES,cmre-financial-services,1988,
89,CARRINGTON MORTGAGE SERVICES,carrington-mortgage-services,7078,PHH MORTGAGE SERVICES,phh-mortgage-services,2450,
89,OPORTUN FINANCIAL,oportun-financial,2111,OPPORTUNITY FINANCIAL,opportunity-financial,2030,
88,NAVY FEDERAL CREDIT UNION,navy-federal-credit-union,48174,PENTAGON FEDERAL CREDIT UNION,pentagon-federal-credit-union,6366,
88,NAVY FEDERAL CREDIT UNION,navy-federal-credit-union,48174,FIRST TECHNOLOGY FEDERAL CREDIT UNION,first-technology-federal-credit-union,1762,
88,EDFINANCIAL SERVICES,edfinancial-services,9363,CMRE FINANCIAL SERVICES,cmre-financial-services,1988,
88,MONTEREY FINANCIAL SERVICES,monterey-financial-services,2417,CMRE FINANCIAL SERVICES,cmre-financial-services,1988,
