action_id,filed_date,company_raw,company_canonical_id,product_family,harm_summary,harm_keywords,conduct_start,source_url,usable,exclusion_reason,cfpb_description
transunion-interactive-inc-transunion-llc-and-transunion,2017-01-03,"TransUnion Interactive, Inc., TransUnion, LLC, and TransUnion",,,,,,https://www.consumerfinance.gov/enforcement/actions/transunion-interactive-inc-transunion-llc-and-transunion/,,,The Bureau took action against TransUnion and its subsidiaries for deceiving consumers about the usefulness and actual cost of credit scores they sold to...
equifax-inc-and-equifax-consumer-services-llc,2017-01-03,Equifax Inc. and Equifax Consumer Services LLC,,,,,,https://www.consumerfinance.gov/enforcement/actions/equifax-inc-and-equifax-consumer-services-llc/,,,"The Bureau took action against Equifax, Inc. and its subsidiary for deceiving consumers about the usefulness and actual cost of credit scores they sold to..."
works-lentz-inc,2017-01-09,"Works &amp; Lentz, Inc.; Works &amp; Lentz of Tulsa, Inc., and Harry A. Lentz, Jr.",,,,,,https://www.consumerfinance.gov/enforcement/actions/works-lentz-inc/,,,The CFPB is taking action against two medical debt collection law firms and their president for falsely representing that...
navient-corporation-navient-solutions-inc-and-pioneer-credit-recovery-inc,2017-01-18,"Navient Corporation, Navient Solutions, Inc. and Pioneer Credit Recovery, Inc.",,,,,,https://www.consumerfinance.gov/enforcement/actions/navient-corporation-navient-solutions-inc-and-pioneer-credit-recovery-inc/,,,"On January 18, 2017, the Bureau filed a complaint against Navient Corporation and its subsidiaries, Navient Solutions, LLC, and Pioneer Credit Recovery, Inc. Navient Corporation is a nonbank that owns and services student loans."
tcf-national-bank,2017-01-19,TCF National Bank,,,,,,https://www.consumerfinance.gov/enforcement/actions/tcf-national-bank/,,,The Bureau of Consumer Financial Protection (Bureau) obtained a federal district court order approving its settlement with TCF National Bank regarding its marketing and sale of overdraft services.
citifinancial-servicing-llc-de-citifinancial-company-de-citifinancial-services-inc-mn-and-citifinancial-inc-wv,2017-01-23,"CitiFinancial Servicing, LLC (DE), CitiFinancial Company (DE), CitiFinancial Services, Inc. (MN), and CitiFinancial, Inc. (WV)",,,,,,https://www.consumerfinance.gov/enforcement/actions/citifinancial-servicing-llc-de-citifinancial-company-de-citifinancial-services-inc-mn-and-citifinancial-inc-wv/,,,"The Bureau took separate actions against CitiFinancial Servicing and CitiMortgage, Inc. for giving the runaround to struggling homeowners seeking options to..."
citimortgage-inc,2017-01-23,"CitiMortgage, Inc.",,,,,,https://www.consumerfinance.gov/enforcement/actions/citimortgage-inc/,,,"The Bureau took separate actions against CitiFinancial Servicing and CitiMortgage, Inc. for giving the runaround to struggling homeowners seeking options to..."
vincent-howard-lawrence-w-williamson-howard-law-pc-williamson-law-firm-llc-and-williamson-howard-llp,2017-01-30,"Vincent Howard, Lawrence W. Williamson, Howard Law, P.C., The Williamson Law Firm, LLC, and Williamson &amp; Howard, LLP",,,,,,https://www.consumerfinance.gov/enforcement/actions/vincent-howard-lawrence-w-williamson-howard-law-pc-williamson-law-firm-llc-and-williamson-howard-llp/,,,The CFPB today took action against a ring of law firms and attorneys who collaborated to charge illegal fees to consumers seeking debt relief.
rgc-services-inc-dba-remax-gold-coast-realtors,2017-01-31,"RGC Services, Inc. dba Re/Max Gold Coast Realtors",,,,,,https://www.consumerfinance.gov/enforcement/actions/rgc-services-inc-dba-remax-gold-coast-realtors/,,,"The CFPB took action against Re/Max Gold Coast Realtors, a real estate broker in California, for accepting illegal kickbacks..."
prospect-mortgage-llc,2017-01-31,Prospect Mortgage LLC,,,,,,https://www.consumerfinance.gov/enforcement/actions/prospect-mortgage-llc/,,,"The CFPB took action against Prospect Mortgage, LLC, a major mortgage lender, for paying illegal kickbacks for mortgage..."
willamette-legacy-llc-dba-keller-williams-mid-willamette,2017-01-31,"Willamette Legacy, LLC dba Keller Williams Mid-Willamette",,,,,,https://www.consumerfinance.gov/enforcement/actions/willamette-legacy-llc-dba-keller-williams-mid-willamette/,,,"The CFPB took action against Keller Williams Mid-Willamette, a real estate broker in Oregon, for accepting illegal kickbacks..."
planet-home-lending-llc,2017-01-31,"Planet Home Lending, LLC",,,,,,https://www.consumerfinance.gov/enforcement/actions/planet-home-lending-llc/,,,"The Bureau took action against Planet Home Lending, LLC, a mortgage servicer headquartered in Meriden, Connecticut, for accepting payments for mortgage business referrals from Prospect Mortgage, LLC and for improper use of credit reports for marketing purposes."
unirush-llc-and-mastercard-international-incorporated,2017-02-01,UniRush LLC and Mastercard International Incorporated,,,,,,https://www.consumerfinance.gov/enforcement/actions/unirush-llc-and-mastercard-international-incorporated/,,,The Bureau took action against Mastercard and UniRush for breakdowns that left tens of thousands of economically vulnerable RushCard users unable to access...
woodbridge-coins-and-jewelry-exchange-inc-db-woodbridge-gold-pawn,2017-02-02,"Woodbridge Coins and Jewelry Exchange, Inc. d/b/a Woodbridge Gold &amp; Pawn",,,,,,https://www.consumerfinance.gov/enforcement/actions/woodbridge-coins-and-jewelry-exchange-inc-db-woodbridge-gold-pawn/,,,"The Bureau and the Attorney General of Virginia took action against Woodbridge Coins and Jewelry Exchange, Inc., doing business as Woodbridge Gold &amp; Pawn..."
rd-legal-funding-llc-rd-legal-finance-llc-rd-legal-funding-partners-lp-and-roni-dersovitz,2017-02-07,"RD Legal Funding, LLC, RD Legal Finance, LLC, RD Legal Funding Partners, LP, and Roni Dersovitz",,,,,,https://www.consumerfinance.gov/enforcement/actions/rd-legal-funding-llc-rd-legal-finance-llc-rd-legal-funding-partners-lp-and-roni-dersovitz/,,,"On February 7, 2017, the CFPB and the New York Attorney General filed a complaint against RD Legal Funding, LLC, two related entities, and the companies’ founder and owner, Roni Dersovitz."
nationstar-mortgage-llc,2017-03-15,Nationstar Mortgage LLC,,,,,,https://www.consumerfinance.gov/enforcement/actions/nationstar-mortgage-llc/,,,The Consumer Financial Protection Bureau (CFPB) took action against Nationstar Mortgage for flawed mortgage loan reporting.
experian-holdings-inc-experian-information-solutions-inc-and-consumerinfocom-inc-dba-experian-consumer-services,2017-03-23,"Experian Holdings, Inc., Experian Information Solutions, Inc., and ConsumerInfo.com, Inc., dba Experian Consumer Services",,,,,,https://www.consumerfinance.gov/enforcement/actions/experian-holdings-inc-experian-information-solutions-inc-and-consumerinfocom-inc-dba-experian-consumer-services/,,,The CFPB today took action against Experian and its subsidiaries for deceiving consumers about the use of credit scores it sold to consumers.
weltman-weinberg-reis-co-lpa,2017-04-17,"Weltman, Weinberg &amp; Reis Co., L.P.A.",,,,,,https://www.consumerfinance.gov/enforcement/actions/weltman-weinberg-reis-co-lpa/,,,"The Bureau filed a lawsuit in a federal district court against the debt collection law firm Weltman, Weinberg &amp; Reis for falsely representing in millions of..."
ocwen-financial-corporation-ocwen-mortgage-servicing-inc-and-ocwen-loan-servicing-llc,2017-04-20,"Ocwen Financial Corporation; Ocwen Mortgage Servicing, Inc.; and Ocwen Loan Servicing, LLC",,,,,,https://www.consumerfinance.gov/enforcement/actions/ocwen-financial-corporation-ocwen-mortgage-servicing-inc-and-ocwen-loan-servicing-llc/,,,"On April 20, 2017, the Bureau filed a complaint against mortgage loan servicer Ocwen Financial Corporation and its subsidiaries."
security-national-automotive-acceptance-company-llc,2017-04-26,"Security National Automotive Acceptance Company, LLC",,,,,,https://www.consumerfinance.gov/enforcement/actions/security-national-automotive-acceptance-company-llc/,,,"The Bureau today took action against Security National Automotive Acceptance Company (SNAAC), an auto lender specializing in loans to servicemembers, for..."
golden-valley-lending-inc-silver-cloud-financial-inc-mountain-summit-financial-inc-and-majestic-lake-financial-inc,2017-04-27,"Golden Valley Lending, Inc., Silver Cloud Financial, Inc., Mountain Summit Financial, Inc., and Majestic Lake Financial, Inc.",,,,,,https://www.consumerfinance.gov/enforcement/actions/golden-valley-lending-inc-silver-cloud-financial-inc-mountain-summit-financial-inc-and-majestic-lake-financial-inc/,,,"The Bureau today took action against four online lenders – Golden Valley Lending, Inc., Silver Cloud Financial, Inc., Mountain Summit Financial, Inc., and..."
fay-servicing-llc,2017-06-07,"Fay Servicing, LLC",,,,,,https://www.consumerfinance.gov/enforcement/actions/fay-servicing-llc/,,,"On June 7, 2017, the Bureau issued an order against Fay Servicing, LLC."
prime-credit-llc-imc-capital-llc-commercial-credit-consultants-blake-johnson-eric-schlegel-park-view-law-and-arthur-barens,2017-06-27,"Prime Credit, L.L.C., IMC Capital, L.L.C., Commercial Credit Consultants, Blake Johnson, Eric Schlegel, Park View Law, and Arthur Barens",,,,,,https://www.consumerfinance.gov/enforcement/actions/prime-credit-llc-imc-capital-llc-commercial-credit-consultants-blake-johnson-eric-schlegel-park-view-law-and-arthur-barens/,,,The Bureau filed two complaints and proposed final judgments in federal court against four California-based credit repair companies and three individuals...
jpmorgan-chase-bank-na,2017-08-02,"JPMorgan Chase Bank, N.A.",,,,,,https://www.consumerfinance.gov/enforcement/actions/jpmorgan-chase-bank-na/,,,"The CFPB took action against JPMorgan Chase Bank, N.A. for failures related to information it provides for checking account screening reports."
aequitas-capital-management-inc-et-al,2017-08-17,"Aequitas Capital Management, Inc., et al.",,,,,,https://www.consumerfinance.gov/enforcement/actions/aequitas-capital-management-inc-et-al/,,,"The Bureau filed a complaint and proposed settlement against Aequitas Capital Management, Inc. and related entities, for aiding the Corinthian Colleges&#39;..."
american-express-centurion-bank-and-american-express-bank-fsb,2017-08-23,"American Express Centurion Bank and American Express Bank, FSB",,,,,,https://www.consumerfinance.gov/enforcement/actions/american-express-centurion-bank-and-american-express-bank-fsb/,,,"The Bureau took action against American Express Centurion Bank and American Express Bank, FSB for discriminating against consumers in Puerto Rico, the U.S..."
zero-parallel-llc,2017-09-06,"Zero Parallel, LLC",,,,,,https://www.consumerfinance.gov/enforcement/actions/zero-parallel-llc/,,,The Bureau took action against an online lead aggregator for steering consumers toward lenders who offered illegal or unlicensed loans that were void in the...
national-collegiate-student-loan-trusts,2017-09-18,National Collegiate Student Loan Trusts,,,,,,https://www.consumerfinance.gov/enforcement/actions/national-collegiate-student-loan-trusts/,,,"On September 18, 2017, the Bureau filed a complaint and proposed consent judgment against several the National Collegiate Student Loan Trusts (collectively, the “NCSLTs”)."
transworld-systems-inc,2017-09-18,"Transworld Systems, Inc.",,,,,,https://www.consumerfinance.gov/enforcement/actions/transworld-systems-inc/,,,"On September 18, 2017, the Bureau issued a consent order against Transworld Systems (TSI), the debt collector for several National Collegiate Student Loan..."
top-notch-funding-ii-llc-rory-donadio-and-john-gene-cavalli,2017-09-19,"Top Notch Funding II, LLC, Rory Donadio, and John “Gene” Cavalli",,,,,,https://www.consumerfinance.gov/enforcement/actions/top-notch-funding-ii-llc-rory-donadio-and-john-gene-cavalli/,,,"The CFPB took action against Top Notch Funding for lying in loan offers to NFL players, Deepwater Horizon victims, and 9/11 first responders."
meridian-title-corporation,2017-09-27,Meridian Title Corporation,,,,,,https://www.consumerfinance.gov/enforcement/actions/meridian-title-corporation/,,,The CFPB took action against a real estate settlement services provider for steering consumers to an affiliated business.
federal-debt-assistance-association-llc-financial-document-assistance-administration-inc-clear-solutions-inc-robert-pantoulis-david-piccione-and-vincent-piccione,2017-10-12,"Federal Debt Assistance Association, LLC, Financial Document Assistance Administration, Inc., Clear Solutions, Inc., Robert Pantoulis, David Piccione, and Vincent Piccione",,,,,,https://www.consumerfinance.gov/enforcement/actions/federal-debt-assistance-association-llc-financial-document-assistance-administration-inc-clear-solutions-inc-robert-pantoulis-david-piccione-and-vincent-piccione/,,,The Consumer Financial Protection Bureau (CFPB) sues debt-relief companies illegally posing as federal government.
tempo-venture-inc-db-culpeper-pawnbroker,2017-10-17,"Tempo Venture, Inc., d/b/a Culpeper Pawnbroker",,,,,,https://www.consumerfinance.gov/enforcement/actions/tempo-venture-inc-db-culpeper-pawnbroker/,,,"The CFPB took action against Tempo Venture, Inc., doing business as Culpeper Pawnbroker, for deceiving consumers about the actual annual costs of its loans."
freedom-debt-relief-llc-and-andrew-housser,2017-11-08,"Freedom Debt Relief, LLC and Andrew Housser",,,,,,https://www.consumerfinance.gov/enforcement/actions/freedom-debt-relief-llc-and-andrew-housser/,,,"The CFPB today settled its lawsuit against Freedom Debt Relief, LLC, the nation’s largest debt-settlement services provider."
think-finance-llc-formerly-known-think-finance-inc,2017-11-15,"Think Finance, LLC",,,,,,https://www.consumerfinance.gov/enforcement/actions/think-finance-llc-formerly-known-think-finance-inc/,,,"On February 5, 2020, the Bureau filed a proposed stipulated final consent order against Think Finance, LLC and six of its subsidiaries to resolve the..."
conduent-business-services-llc,2017-11-20,"Conduent Business Services, LLC",,,,,,https://www.consumerfinance.gov/enforcement/actions/conduent-business-services-llc/,,,"The CFPB took action against Xerox Business Services, LLC, now called Conduent Business Services, for software errors that..."
citibank-na-student-loan-servicing,2017-11-21,"Citibank, N.A.",,,,,,https://www.consumerfinance.gov/enforcement/actions/citibank-na-student-loan-servicing/,,,"The Consumer Financial Protection Bureau (CFPB) took action against Citibank, N.A. for student loan servicing failures that harmed borrowers."
wells-fargo-bank-na-2018,2018-04-20,"Wells Fargo Bank, N.A.",,,,,,https://www.consumerfinance.gov/enforcement/actions/wells-fargo-bank-na-2018/,,,"On April 20, 2018, the Bureau issued an order against Wells Fargo Bank, N.A. in a coordinated action with the Office of the Comptroller of the Currency (OCC)."
security-group-inc,2018-06-13,"Security Group, Inc., Security Finance Corporation of Spartanburg, Professional Financial Services Corp., et al.",,,,,,https://www.consumerfinance.gov/enforcement/actions/security-group-inc/,,,"Bureau announced a settlement with Security Group Inc., a South Carolina corporation, and its subsidiaries, Security Finance Corporation of Spartanburg and..."
citibank-na-2018,2018-06-29,"Citibank, N.A.",,,,,,https://www.consumerfinance.gov/enforcement/actions/citibank-na-2018/,,,"Today the Bureau of Consumer Financial Protection (Bureau) announced a settlement with Citibank, N.A."
national-credit-adjusters-llc-and-bradley-hochstein,2018-07-13,"National Credit Adjusters, LLC and Bradley Hochstein",,,,,,https://www.consumerfinance.gov/enforcement/actions/national-credit-adjusters-llc-and-bradley-hochstein/,,,"Today the Bureau announced a settlement with National Credit Adjusters, LLC (NCA), a privately-held company headquartered in Hutchinson, Kansas, and its..."
triton-management-group-inc,2018-07-19,"Triton Management Group, Inc.",,,,,,https://www.consumerfinance.gov/enforcement/actions/triton-management-group-inc/,,,"The Bureau today announced a settlement with Triton Management Group, Inc., a small dollar lender that operates in Alabama, Mississippi, and South Carolina..."
future-income-payments-llc,2018-09-13,"Future Income Payments, LLC, Scott Kohn, and related entities",,,,,,https://www.consumerfinance.gov/enforcement/actions/future-income-payments-llc/,,,"On September 13, 2018, the Bureau filed a lawsuit against Future Income Payments, LLC, Scott Kohn, and several related entities."
bluestem-brands-inc,2018-10-04,"Bluestem Brands, Inc.; Bluestem Enterprises, Inc.; and Bluestem Sales, Inc., also doing business as Fingerhut and Gettington.com",,,,,,https://www.consumerfinance.gov/enforcement/actions/bluestem-brands-inc/,,,"The Bureau and Bluestem Brands, Inc.; Bluestem Enterprises, Inc.; and Bluestem Sales, Inc. (the Bluestem companies), have filed an administrative consent..."
cash-express-llc,2018-10-24,"Cash Express, LLC",,,,,,https://www.consumerfinance.gov/enforcement/actions/cash-express-llc/,,,"The Bureau today announced a settlement with Cash Express, LLC, a small-dollar lender based in Cookeville, Tenn., that offers high-cost, short-term loans..."
santander-consumer-usa-inc,2018-11-20,"Santander Consumer USA, Inc.",,,,,,https://www.consumerfinance.gov/enforcement/actions/santander-consumer-usa-inc/,,,"The Bureau of Consumer Financial Protection announced a settlement with Santander Consumer USA Inc., a consumer financial services company based in Dallas..."
village-capital-and-investment-llc,2018-12-04,"Village Capital and Investment, LLC",,,,,,https://www.consumerfinance.gov/enforcement/actions/village-capital-and-investment-llc/,,,The Bureau of Consumer Financial Protection has filed a complaint in federal court in the District of Nevada alleging a claim of deception against Village...
state-farm-bank-fsb,2018-12-06,"State Farm Bank, FSB",,,,,,https://www.consumerfinance.gov/enforcement/actions/state-farm-bank-fsb/,,,"The Bureau of Consumer Financial Protection (Bureau) announced a settlement with State Farm Bank, FSB, a federal savings association headquartered in Bloomington, Ill."
usaa-federal-savings-bank,2019-01-03,USAA Federal Savings Bank,,,,,,https://www.consumerfinance.gov/enforcement/actions/usaa-federal-savings-bank/,,,"The CFPB announced a settlement with USAA Federal Savings Bank, a federally chartered savings association headquartered in..."
sterling-jewelers-inc,2019-01-16,"Sterling Jewelers, Inc.",,,,,,https://www.consumerfinance.gov/enforcement/actions/sterling-jewelers-inc/,,,The CFPB and the People of the State of New York today settled claims against Sterling Jewelers Inc.
mark-corbett,2019-01-23,Mark Corbett,,,,,,https://www.consumerfinance.gov/enforcement/actions/mark-corbett/,,,The Bureau found that Corbett violated the Consumer Financial Protection Act of 2010 by misrepresenting to consumers that the contracts he facilitates are...
enova-international-inc,2019-01-25,"Enova International, Inc.",,,,,,https://www.consumerfinance.gov/enforcement/actions/enova-international-inc/,,,"On January 25, 2019, the Bureau issued an order against Enova International, Inc. The Bureau found that Enova violated the Consumer Financial Protection Act of 2010 by debiting consumers’ bank accounts without authorization."
cash-tyme,2019-02-05,Cash Tyme,,,,,,https://www.consumerfinance.gov/enforcement/actions/cash-tyme/,,,The Bureau found that Cash Tyme violated the Consumer Financial Protection Act of 2010 by debiting consumers’ bank accounts without authorization.
conduent-education-services-llc,2019-05-01,"Conduent Education Services, LLC",,,,,,https://www.consumerfinance.gov/enforcement/actions/conduent-education-services-llc/,,,"The CFPB today announced a settlement with Conduent Education Services, LLC (CES)."
pgx-holdings-inc,2019-05-02,"Progrexion Marketing, Inc.; PGX Holdings, Inc.; Progrexion Teleservices, Inc.; eFolks, LLC; CreditRepair.com, Inc.; John C. Heath, Attorney at Law, PLLC, d/b/a/ Lexington Law",,,,,,https://www.consumerfinance.gov/enforcement/actions/pgx-holdings-inc/,,,"On May 2, 2019, the Bureau filed suit against PGX Holdings, Inc. and its subsidiaries, Progrexion Marketing, Inc., Progrexion Teleservices, Inc., CreditRepair.com, Inc., and eFolks, LLC (collectively, Progrexion) and against John C. Heath, Attorney at Law PC (Lexington Law), which does business as Lexington Law."
forster-garbus-llp,2019-05-17,"Forster &amp; Garbus, LLP",,,,,,https://www.consumerfinance.gov/enforcement/actions/forster-garbus-llp/,,,"On May 17, 2019, the Bureau filed suit against Forster &amp; Garbus, LLP, a debt-collection law firm based in Commack, New York."
servis-one-inc-db-bsi-financial-services,2019-05-29,"Servis One, Inc., d/b/a BSI Financial Services",,,,,,https://www.consumerfinance.gov/enforcement/actions/servis-one-inc-db-bsi-financial-services/,,,"The Bureau today announced a settlement with BSI Financial Services (BSI), a mortgage servicer headquartered in Irving, Texas. BSI Financial Services is the..."
freedom-mortgage-corporation,2019-06-05,Freedom Mortgage Corporation,,,,,,https://www.consumerfinance.gov/enforcement/actions/freedom-mortgage-corporation/,,,"The Bureau today announced a settlement with Freedom Mortgage Corporation (Freedom), one of the ten largest Home Mortgage Disclosure Act (HMDA) reporters..."
student-cu-connect-cuso-llc,2019-06-14,"Student CU Connect CUSO, LLC",,,,,,https://www.consumerfinance.gov/enforcement/actions/student-cu-connect-cuso-llc/,,,"The Bureau today announced a settlement with Student CU Connect CUSO, LLC (CUSO), a company set up to hold and manage private loans for students at ITT..."
equifax-inc,2019-07-22,"Equifax, Inc.",,,,,,https://www.consumerfinance.gov/enforcement/actions/equifax-inc/,,,"On July 22, 2019, the Bureau, the Federal Trade Commission (FTC), and 48 states, the District of Columbia and Puerto Rico announced a global settlement with..."
andrew-gamber-voyager-financial-group-llc-baic-inc-sobell-corp,2019-08-14,"Andrew Gamber, Voyager Financial Group, LLC, BAIC, Inc., SoBell Corp",,,,,,https://www.consumerfinance.gov/enforcement/actions/andrew-gamber-voyager-financial-group-llc-baic-inc-sobell-corp/,,,"On August 14, 2019, the CFPB filed a proposed stipulated judgment with Andrew Gamber, Voyager Financial Group, LLC, BAIC, Inc., and SoBell Corp."
maxitransfers-corporation,2019-08-27,Maxitransfers Corporation,,,,,,https://www.consumerfinance.gov/enforcement/actions/maxitransfers-corporation/,,,"On August 27, 2019, the CFPB settled with Maxitransfers Corporation, which provides remittance transfer services that allow..."
asset-recovery-associates-inc,2019-08-28,"Asset Recovery Associates, Inc.",,,,,,https://www.consumerfinance.gov/enforcement/actions/asset-recovery-associates-inc/,,,"On August 28, 2019, the CFPB settled with Asset Recovery Associates, Inc., a debt-collection company headquartered in Illinois."
certified-forensic-loan-auditors-llc-andrew-lehman-michael-carrigan,2019-09-06,"Certified Forensic Loan Auditors, LLC, Andrew Lehman, and Michael Carrigan",,,,,,https://www.consumerfinance.gov/enforcement/actions/certified-forensic-loan-auditors-llc-andrew-lehman-michael-carrigan/,,,"On September 6, 2019, the Consumer Financial Protection Bureau filed a complaint in federal court in the Central District of California against Certified Forensic Loan Auditors, LLC, Andrew Lehman, and Michael Carrigan, along with a proposed stipulated final judgment against Michael Carrigan."
fco-and-sobota,2019-09-25,"FCO Holding, Inc., Fair Collections &amp; Outsourcing, Inc., Fair Collections &amp; Outsourcing of New England, Inc., FCO Worldwide, Inc. and Michael E. Sobota",,,,,,https://www.consumerfinance.gov/enforcement/actions/fco-and-sobota/,,,"On September 25, 2019, the Bureau filed a complaint in federal court in the District of Maryland against Maryland-based debt collectors FCO Holding, Inc. and its subsidiaries, Fair Collections &amp; Outsourcing, Inc., Fair Collections &amp; Outsourcing of New England, Inc., and FCO Worldwide, Inc. (collectively, FCO)."
snyder-et-al,2019-10-01,"Katharine Snyder, Performance Arbitrage Company, Inc., and Life Funding Options, Inc.",,,,,,https://www.consumerfinance.gov/enforcement/actions/snyder-et-al/,,,"On October 1, 2019, the Bureau and the South Carolina Department of Consumer Affairs filed a lawsuit in federal district court in the District of South..."
premier-student-loan-center-et-al,2019-10-21,"Consumer Advocacy Center Inc., d/b/a Premier Student Loan Center; True Count Staffing Inc., d/b/a SL Account Management; Prime Consulting LLC, d/b/a Financial Preparation Services; Albert Kim; Kaine Wen; and Tuong Nguyen",,,,,,https://www.consumerfinance.gov/enforcement/actions/premier-student-loan-center-et-al/,,,"On October 21, 2019, the Bureau along with the states of Minnesota, North Carolina, and California filed a complaint and sought a temporary restraining order and preliminary injunction against Consumer Advocacy Center Inc., d/b/a Premier Student Loan Center (Premier); True Count Staffing Inc., d/b/a SL Account Management (True Count); Prime Consulting LLC, d/b/a Financial Preparation Services (Prime); Albert Kim; Kaine Wen; and Tuong Nguyen."
sterling-infosystems-inc,2019-11-22,"Sterling Infosystems, Inc.",,,,,,https://www.consumerfinance.gov/enforcement/actions/sterling-infosystems-inc/,,,"On November 22, 2019, the CFPB filed a proposed stipulated judgment with Sterling Infosystems, Inc., a consumer reporting agency headquartered in New York."
edmiston-et-al,2019-11-25,"Edmiston Marketing, LLC d/b/a Easy Military Travel, Brandon Edmiston",,,,,,https://www.consumerfinance.gov/enforcement/actions/edmiston-et-al/,,,"On November 25, 2019, the Bureau issued a consent order against Edmiston Marketing, LLC, also known as Easy Military Travel; and Brandon Edmiston, the owner..."
usa-service-finance-llc,2019-11-25,"USA Service Finance, LLC",,,,,,https://www.consumerfinance.gov/enforcement/actions/usa-service-finance-llc/,,,"On November 25, 2019, the Bureau issued a consent order against Edmiston Marketing, LLC, also known as Easy Military Travel; and Brandon Edmiston, the owner..."
monster-loans-lend-tech-loans-and-associated-student-loan-debt-relief-companies,2020-01-09,"Monster Loans, Lend Tech Loans, and Student Loan Debt Relief Companies",,,,,,https://www.consumerfinance.gov/enforcement/actions/monster-loans-lend-tech-loans-and-associated-student-loan-debt-relief-companies/,,,"On January 9, 2020, the Bureau filed a lawsuit in the U.S. District Court for the Central District of California against Chou Team Realty, LLC, d/b/a Monster Loans, Lend Tech Loans, associated student loan debt-relief companies and individuals."
citizens-bank,2020-01-30,"Citizens Bank, N.A.",,,,,,https://www.consumerfinance.gov/enforcement/actions/citizens-bank/,,,"On January 30, 2020, the Bureau filed a lawsuit against Citizens Bank, N.A. (Citizens), alleging violations of the Truth and Lending Act (TILA) and its implementing Regulation Z, including TILA provisions passed under the Fair Credit Billing Act (FCBA) and Credit Card Accountability Responsibility and Disclosure Act (CARD Act), as well as violations of the Consumer Financial Protection Act of 2010 (CFPA) due to its violations of TILA and Regulation Z."
candy-kern-fuller-howard-sutter-iii-and-upstate-law-group-llc,2020-02-20,"Candy Kern-Fuller, Howard Sutter III, and Upstate Law Group LLC",,,,,,https://www.consumerfinance.gov/enforcement/actions/candy-kern-fuller-howard-sutter-iii-and-upstate-law-group-llc/,,,"On February 20, 2020, the Bureau, the South Carolina Department of Consumer Affairs, and the State of Arkansas Attorney General Leslie Rutledge filed a..."
fifth-third-bank-national-association,2020-03-09,"Fifth Third Bank, National Association",,,,,,https://www.consumerfinance.gov/enforcement/actions/fifth-third-bank-national-association/,,,"On March 9, 2020, the Bureau filed a lawsuit in federal district court in the Northern District of Illinois against Fifth Third Bank, National Association."
cottonwood-financial-ltd,2020-04-01,"Cottonwood Financial, Ltd., d/b/a Cash Store",,,,,,https://www.consumerfinance.gov/enforcement/actions/cottonwood-financial-ltd/,,,"On April 1, 2020, the Consumer Financial Protection Bureau issued a consent order against Cottonwood Financial, Ltd., which does business under the name Cash Store."
specialized-loan-servicing-llc,2020-05-11,"Specialized Loan Servicing, LLC",,,,,,https://www.consumerfinance.gov/enforcement/actions/specialized-loan-servicing-llc/,,,"On May 11 2020, the Consumer Financial Protection Bureau (Bureau) issued a consent order against Specialized Loan Servicing, LLC (SLS), a mortgage-loan servicer in Colorado."
commonwealth-equity-group-dba-key-credit-repair-nikitas-tsoukales,2020-05-22,"Commonwealth Equity Group, LLC (d/b/a Key Credit Repair); Nikitas Tsoukales (a/k/a Nikitas Tsoukalis)",,,,,,https://www.consumerfinance.gov/enforcement/actions/commonwealth-equity-group-dba-key-credit-repair-nikitas-tsoukales/,,,"On May 22, 2020, the Bureau and Commonwealth of Massachusetts Attorney General Maura Healey jointly filed a lawsuit against Commonwealth Equity Group, LLC, which does business as Key Credit Repair, and Nikitas Tsoukales (also known as Nikitas Tsoukalis), Key Credit Repair’s president and owner."
main-street-et-al,2020-06-02,"Main Street Personal Finance, Inc., ACAC, Inc. d/b/a Approved Cash Advance, and Quik Lend, Inc.",,,,,,https://www.consumerfinance.gov/enforcement/actions/main-street-et-al/,,,"On June 2, 2020, the Bureau announced a settlement with Main Street Personal Finance, Inc. and its subsidiaries."
harbour-portfolio-advisors-llc-et-al,2020-06-23,"Harbour Portfolio Advisors, LLC; National Asset Advisors, LLC; and National Asset Mortgage, LLC",,,,,,https://www.consumerfinance.gov/enforcement/actions/harbour-portfolio-advisors-llc-et-al/,,,"On June 23, 2020, the Consumer Financial Protection Bureau settled with Harbour Portfolio Advisors, LLC (Harbour); National Asset Advisors, LLC (NAA); and National Asset Mortgage, LLC (NAM), companies that worked together to issue contracts for deeds to consumers."
my-loan-doctor-llc-edgar-radjabli,2020-07-06,My Loan Doctor LLC and Edgar Radjabli,,,,,,https://www.consumerfinance.gov/enforcement/actions/my-loan-doctor-llc-edgar-radjabli/,,,"On July 6, 2020, the Consumer Financial Protection Bureau (Bureau) filed a lawsuit against My Loan Doctor LLC, a Delaware company operating in West Palm Beach, Florida and New York City and doing business as Loan Doctor (Loan Doctor), and its founder, Edgar Radjabli."
timemark-et-al,2020-07-07,"Timemark, Inc., Timothy Lenihan, Sr., Mark Nagler, and Casey Gassaway",,,,,,https://www.consumerfinance.gov/enforcement/actions/timemark-et-al/,,,"On July 7, 2020, the Consumer Financial Protection Bureau settled with Timemark, Inc., a company based in Deerfield Beach, Florida, that provides debt-relief services to consumers with federal student-loan debt, and with its owners and officers, Timothy Lenihan, Sr., Mark Nagler, and Casey Gassaway."
gst-factoring-inc-et-al,2020-07-13,"GST Factoring, Inc., Champion Marketing Solutions, LLC, Rick Graff, Gregory Trimarche, Scott Freda, Amanda Johanson, David Mize, Jacob Slaughter, and Daniel Ruggiero",,,,,,https://www.consumerfinance.gov/enforcement/actions/gst-factoring-inc-et-al/,,,"On July 13, 2020, the Bureau filed a complaint in the federal district court for the Central District of California against GST Factoring, Inc., which runs a student-loan debt-relief business in Texas, and two of its owners, Rick Graff and Gregory Trimarche, as well as Champion Marketing Solutions, LLC, a customer service and marketing company, and its owner, Scott Freda. The Bureau also filed suit against four attorneys, California attorneys Amanda Johanson and Jacob Slaughter, Arizona attorney David Mize, and Florida attorney Daniel Ruggiero."
townstone-financial-inc-and-barry-sturner,2020-07-15,"Townstone Financial, Inc. and Barry Sturner",,,,,,https://www.consumerfinance.gov/enforcement/actions/townstone-financial-inc-and-barry-sturner/,,,"On July 15, 2020, the Bureau filed a lawsuit against Townstone Financial, Inc., a nonbank retail-mortgage creditor and broker based in Chicago. Illinois. The Bureau alleged that Townstone violated the Equal Credit Opportunity Act (ECOA); its implementing regulation, Regulation B; and the Consumer Financial Protection Act (CFPA)."
sovereign-lending-group-inc,2020-07-24,"Sovereign Lending Group, Inc.",,,,,,https://www.consumerfinance.gov/enforcement/actions/sovereign-lending-group-inc/,,,"On July 24, 2020, the Consumer Financial Protection Bureau issued a consent order against Sovereign Lending Group, Inc. (Sovereign), a California corporation that is licensed as a mortgage broker or lender in about 44 states and the District of Columbia. The Bureau found that Sovereign violated the CFPA’s prohibition against deceptive acts and practices, the MAP Rule, and Regulation Z."
prime-choice-funding-inc,2020-07-24,"Prime Choice Funding, Inc.",,,,,,https://www.consumerfinance.gov/enforcement/actions/prime-choice-funding-inc/,,,"On July 24, 2020, the Consumer Financial Protection Bureau issued a consent order against Prime Choice Funding, Inc. (Prime Choice), a California corporation that is licensed as a mortgage broker or lender in about 35 states and the District of Columbia. The Bureau found that Prime Choice violated the CFPA’s prohibition against deceptive acts and practices, the MAP Rule, and Regulation Z."
td-bank-na,2020-08-20,"TD Bank, N.A.",,,,,,https://www.consumerfinance.gov/enforcement/actions/td-bank-na/,,,"On August 20, 2020, the Bureau issued a consent order against TD Bank, N.A. regarding its marketing and sale of its optional overdraft service: Debit Card Advance (DCA)."
go-direct-lenders-inc,2020-08-21,"Go Direct Lenders, Inc.",,,,,,https://www.consumerfinance.gov/enforcement/actions/go-direct-lenders-inc/,,,"On August 21, 2020, the Consumer Financial Protection Bureau (Bureau) issued a consent order against Go Direct Lenders, Inc. (Go Direct), a California corporation that is licensed as a mortgage broker or lender in about 11 states."
phloans,2020-08-26,"PHLoans.com, Inc.",,,,,,https://www.consumerfinance.gov/enforcement/actions/phloans/,,,"On August 26, 2020, the Consumer Financial Protection Bureau (Bureau) issued a consent order against PHLoans.com, Inc. (PHLoans), a California corporation that is licensed as a mortgage broker or lender in about 11 states."
trans-fast-remittance-llc,2020-08-31,Trans-Fast Remittance LLC,,,,,,https://www.consumerfinance.gov/enforcement/actions/trans-fast-remittance-llc/,,,"On August 31, 2020, the Bureau issued a Consent Order against Trans-Fast Remittance LLC (Trans-Fast). Trans-Fast, which until recently was a remittance transfer provider, is based in New York, New York and licensed in over 30 states."
sigue-corporation-sgs-corporation-groupex-corporation,2020-08-31,"Sigue Corporation, SGS Corporation, and GroupEx Corporation",,,,,,https://www.consumerfinance.gov/enforcement/actions/sigue-corporation-sgs-corporation-groupex-corporation/,,,"On August 31, 2020, the Bureau issued a consent order against Sigue Corporation and its subsidiaries, SGS Corporation and GroupEx Corporation, which are all headquartered in Sylmar, California and provide consumers with international money-transfer services, including remittance-transfer services."
service-1st-mortgage-inc,2020-09-01,"Service 1st Mortgage, Inc.",,,,,,https://www.consumerfinance.gov/enforcement/actions/service-1st-mortgage-inc/,,,"On September 1, 2020, the Consumer Financial Protection Bureau issued a consent order against Service 1st Mortgage, Inc. (Service 1st), a Maryland-based corporation that is licensed as a mortgage broker or lender in about 12 states."
hypotec-inc,2020-09-01,"Hypotec, Inc.",,,,,,https://www.consumerfinance.gov/enforcement/actions/hypotec-inc/,,,"On September 1, 2020, the Consumer Financial Protection Bureau issued a consent order against Hypotec, Inc., a Miami-based corporation that is licensed as a mortgage broker or lender in eight states."
accelerate-mortgage-llc,2020-09-02,"Accelerate Mortgage, LLC",,,,,,https://www.consumerfinance.gov/enforcement/actions/accelerate-mortgage-llc/,,,"On September 2, 2020, the Consumer Financial Protection Bureau issued a consent order against Accelerate Mortgage, LLC (Accelerate), a Delaware limited liability corporation that is licensed as a mortgage broker and lender in about 31 states."
encore-capital-group-et-al,2020-09-08,"Encore Capital Group, Midland Funding, Midland Credit Management, and Asset Acceptance Capital Corp.",,,,,,https://www.consumerfinance.gov/enforcement/actions/encore-capital-group-et-al/,,,"On October 15, 2020, the Consumer Financial Protection Bureau (Bureau) filed a proposed stipulated final judgment and order to settle its lawsuit against Encore Capital Group, Inc., and its subsidiaries, Midland Funding, LLC; Midland Credit Management, Inc.; and Asset Acceptance Capital Corp."
jpl-recovery-solutions-llc-et-al,2020-09-08,"JPL Recovery Solutions, LLC; Check Security Associates, LLC (dba Warner Location Services, Pinnacle Location Services, and Orchard Payment Processing Systems); ROC Asset Solutions LLC (dba API Recovery Solutions and Northern Information Services); Regency",,,,,,https://www.consumerfinance.gov/enforcement/actions/jpl-recovery-solutions-llc-et-al/,,,"On September 8, 2020, the Consumer Financial Protection Bureau (Bureau), in partnership with the New York Attorney General, filed suit in the federal district court for the Western District of New York against a network of five different companies based outside of Buffalo, New York, two of their owners, and two of their managers, for their participation in a debt-collection operation using illegal methods to collect debts."
clearpath-lending-inc,2020-09-14,"ClearPath Lending, Inc.",,,,,,https://www.consumerfinance.gov/enforcement/actions/clearpath-lending-inc/,,,"On September 14, 2020, the Consumer Financial Protection Bureau issued a consent order against ClearPath Lending, Inc. (ClearPath), a California corporation that is licensed as a mortgage broker or lender in about 22 states."
peaks-trust,2020-09-15,PEAKS Trust 2009-1 et al.,,,,,,https://www.consumerfinance.gov/enforcement/actions/peaks-trust/,,,"On September 15, 2020, the Consumer Financial Protection Bureau (Bureau) filed a proposed stipulated judgment against PEAKS Trust 2009-1, along with Deutsche Bank National Trust Company, Deutsche Bank Trust Company Delaware, and Deutsche Bank Trust Company Americas, in their capacity as trustees to PEAKS Trust 2009-1 (collectively, PEAKS)."
lobel-financial-corporation,2020-09-21,Lobel Financial Corporation,,,,,,https://www.consumerfinance.gov/enforcement/actions/lobel-financial-corporation/,,,"On September 21, 2020, the Bureau issued a consent order against Lobel Financial Corporation, an auto-loan servicer based in Anaheim, California."
nissan-motor-acceptance-corporation,2020-10-13,Nissan Motor Acceptance Corporation,,,,,,https://www.consumerfinance.gov/enforcement/actions/nissan-motor-acceptance-corporation/,,,"On October 13, 2020, the Consumer Financial Protection Bureau (Bureau) issued a consent order against Nissan Motor Acceptance Corporation (Nissan), an auto financing subsidiary of Nissan North America, Inc."
low-va-rates-llc,2020-10-26,"Low VA Rates, LLC",,,,,,https://www.consumerfinance.gov/enforcement/actions/low-va-rates-llc/,,,"On October 26, 2020, the Consumer Financial Protection Bureau (Bureau) issued a consent order against Low VA Rates, LLC (Low VA Rates), a Utah-based mortgage lender and broker incorporated in Colorado and licensed in 48 states and the District of Columbia."
washington-federal-na,2020-10-27,"Washington Federal Bank, N.A.",,,,,,https://www.consumerfinance.gov/enforcement/actions/washington-federal-na/,,,"On October 27, 2020, the Bureau issued an order against Washington Federal Bank, N.A., a federally insured, for-profit national bank headquartered in Seattle, Washington."
smart-payment-plan-llc,2020-11-02,"SMART Payment Plan, LLC",,,,,,https://www.consumerfinance.gov/enforcement/actions/smart-payment-plan-llc/,,,"On November 2, 2020, the Bureau issued a consent order against SMART Payment Plan, LLC (SMART), a limited liability company with its principal place of business in Austin, Texas."
performance-slc-llc-performance-settlement-llc-daniel-crenshaw,2020-11-05,"Performance SLC, LLC, Performance Settlement, LLC and Daniel Crenshaw",,,,,,https://www.consumerfinance.gov/enforcement/actions/performance-slc-llc-performance-settlement-llc-daniel-crenshaw/,,,"On November 5, 2020, the Bureau filed a lawsuit in the federal district court for the Central District of California against Performance SLC, LLC (PSLC), a California debt-relief business focused on federal student loan debt; Performance Settlement, LLC (PSettlement), a California debt-settlement company; and Daniel Crenshaw, the owner and CEO of the two companies."
driver-loan-llc-angelo-jose-sarjeant,2020-11-05,"Driver Loan, LLC, and Angelo Jose Sarjeant",,,,,,https://www.consumerfinance.gov/enforcement/actions/driver-loan-llc-angelo-jose-sarjeant/,,,"On November 5, 2020, the Consumer Financial Protection Bureau (Bureau) filed a lawsuit against Driver Loan, LLC and its Chief Executive Officer, Angelo Jose Sarjeant, for violations of the Consumer Financial Protection Act of 2010 (CFPA)."
afni-inc,2020-11-12,"Afni, Inc.",,,,,,https://www.consumerfinance.gov/enforcement/actions/afni-inc/,,,"On November 12, 2020, the Bureau issued a consent order against Afni, Inc., a non-bank third-party debt collector located based in Illinois that specializes in collecting telecommunications debt."
fdatr-inc-dean-tucci-and-kenneth-wayne-halverson,2020-11-20,"FDATR, Inc.; Dean Tucci; and Kenneth Wayne Halverson",,,,,,https://www.consumerfinance.gov/enforcement/actions/fdatr-inc-dean-tucci-and-kenneth-wayne-halverson/,,,"On November 20, 2020, the Consumer Financial Protection Bureau (Bureau) filed a lawsuit against FDATR, Inc. (FDATR), and its owners, Dean Tucci and Kenneth Wayne Halverson."
us-equity-advantage-inc-and-robert-m-steenbergh,2020-11-20,"U.S. Equity Advantage, Inc. and Robert M. Steenbergh",,,,,,https://www.consumerfinance.gov/enforcement/actions/us-equity-advantage-inc-and-robert-m-steenbergh/,,,"On November 20, 2020, the Bureau issued a consent order against U.S. Equity Advantage, Inc. (USEA) and its owner, Robert M. Steenbergh. Robert M. Steenbergh is the founder, sole-owner, and chief executive officer of USEA, a nonbank located in Orlando, Florida."
dmb-financial-llc,2020-12-01,"DMB Financial, LLC",,,,,,https://www.consumerfinance.gov/enforcement/actions/dmb-financial-llc/,,,"On December 1, the Consumer Financial Protection Bureau (Bureau) filed a lawsuit in the United States District Court for the District of Massachusetts against DMB Financial, LLC (DMB)."
lendup-loans-llc,2020-12-04,"LendUp Loans, LLC",,,,,,https://www.consumerfinance.gov/enforcement/actions/lendup-loans-llc/,,,"On December 4, 2020, the Consumer Financial Protection Bureau (Bureau) filed a lawsuit in the United States District Court for the Northern District of California against LendUp Loans, LLC (LendUp)."
nationstar-mortgage-llc-dba-mr-cooper,2020-12-07,"Nationstar Mortgage, LLC d/b/a Mr. Cooper",,,,,,https://www.consumerfinance.gov/enforcement/actions/nationstar-mortgage-llc-dba-mr-cooper/,,,"On December 7, 2020, the Consumer Financial Protection Bureau (Bureau) filed a complaint and proposed stipulated judgment and order against Nationstar Mortgage, LLC, which does business as Mr. Cooper (Nationstar)."
rab-performance-recoveries-llc,2020-12-08,"RAB Performance Recoveries, LLC",,,,,,https://www.consumerfinance.gov/enforcement/actions/rab-performance-recoveries-llc/,,,"On December 8, 2020, the Consumer Financial Protection Bureau (Bureau) issued a consent order against RAB Performance Recoveries, LLC (RAB) threatening to sue and suing to collect debts where it did not have a legally required license to do so."
bounceback-inc,2020-12-09,"BounceBack, Inc. and Gale Krieg",,,,,,https://www.consumerfinance.gov/enforcement/actions/bounceback-inc/,,,"On December 9, 2020, the Bureau filed a lawsuit in the United States District Court for the Western District of Missouri against BounceBack, Inc."
alder-holdings-llc,2020-12-11,"Alder Holdings, LLC",,,,,,https://www.consumerfinance.gov/enforcement/actions/alder-holdings-llc/,,,"On December 11, 2020, the Consumer Financial Protection Bureau (Bureau) and the Arkansas Attorney General filed a proposed stipulated final judgment and order in the United States District Court for the Eastern District of Arkansas against Alder Holdings, LLC (Alder)."
seterus-inc,2020-12-18,"Seterus, Inc. and Kyanite Services, Inc.",,,,,,https://www.consumerfinance.gov/enforcement/actions/seterus-inc/,,,"On December 18, 2020, the Consumer Financial Protection Bureau (Bureau) issued a consent order against Seterus, Inc. (Seterus), a former mortgage servicer based in North Carolina, and Kyanite Services, Inc. (Kyanite)."
envios-de-valores-la-nacional-corp,2020-12-21,Envios de Valores La Nacional Corp.,,,,,,https://www.consumerfinance.gov/enforcement/actions/envios-de-valores-la-nacional-corp/,,,"On December 21, 2020, the Bureau issued a Consent Order against Envios de Valores La Nacional (La Nacional). La Nacional provides remittance transfers to several countries overseas through a network of branches and over 1,400 agents."
santander-consumer-usa-inc-2020,2020-12-22,Santander Consumer USA Inc.,,,,,,https://www.consumerfinance.gov/enforcement/actions/santander-consumer-usa-inc-2020/,,,"On December 22, 2020, the Consumer Financial Protection Bureau (Bureau) issued a consent order against Santander Consumer USA Inc. (Santander). Santander, a subsidiary of Banco Santander S.A., is a leading originator and servicer of nonprime auto loans and leases."
discover-bank-the-student-loan-corporation-and-discover-products-inc,2020-12-22,"Discover Bank, The Student Loan Corporation, and Discover Products, Inc.",,,,,,https://www.consumerfinance.gov/enforcement/actions/discover-bank-the-student-loan-corporation-and-discover-products-inc/,,,"On December 22, 2020, the Bureau issued a consent order against Discover Bank, The Student Loan Corporation, and Discover Products, Inc. (collectively, Discover). Discover Bank, headquartered in Greenwood, Delaware, is an insured depository institution that provides and services private student loans."
omni-financial-of-nevada-inc,2020-12-30,"Omni Financial of Nevada, Inc.",,,,,,https://www.consumerfinance.gov/enforcement/actions/omni-financial-of-nevada-inc/,,,"On December 30, 2020, the Consumer Financial Protection Bureau issued a consent order against Omni Financial of Nevada, Inc."
1st-alliance-lending-llc-et-al,2021-01-15,"1st Alliance Lending, LLC, John Christopher DiIorio, Kevin Robert St. Lawrence, and Socrates Aramburu",,,,,,https://www.consumerfinance.gov/enforcement/actions/1st-alliance-lending-llc-et-al/,,,"On January 15, 2021, the Bureau filed a lawsuit in the United States District Court for the District of Connecticut against 1st Alliance Lending, LLC, John Christopher DiIorio, Kevin Robert St. Lawrence, and Socrates Aramburu."
nexus-services-inc-et-al,2021-02-22,"Nexus Services, Inc., Libre by Nexus, Inc., Micheal Donovan, Richard Moore, and Evan Ajin",,,,,,https://www.consumerfinance.gov/enforcement/actions/nexus-services-inc-et-al/,,,"On February 22, 2021, the Bureau filed a lawsuit in the United States District Court for the Western District of Virginia against Nexus Services, Inc. (Nexus Services), Libre by Nexus, Inc. (Libre), and their principals, Micheal Donovan, Richard Moore, and Evan Ajin."
brightspeed-solutions-inc-and-kevin-howard,2021-03-03,"BrightSpeed Solutions, Inc. and Kevin Howard",,,,,,https://www.consumerfinance.gov/enforcement/actions/brightspeed-solutions-inc-and-kevin-howard/,,,"On March 3, 2021, the Bureau filed a lawsuit in the U.S. District Court for the Northern District of Illinois against BrightSpeed Solutions, Inc. (BrightSpeed) and its founder and former chief executive officer, Kevin Howard."
student-loan-pro-judith-noh-syed-faisal-gilani-and-fnza-marketing-llc,2021-03-16,"Student Loan Pro, Judith Noh, Syed Faisal Gilani, and FNZA Marketing, LLC",,,,,,https://www.consumerfinance.gov/enforcement/actions/student-loan-pro-judith-noh-syed-faisal-gilani-and-fnza-marketing-llc/,,,"On March 16, 2021, the Bureau filed a lawsuit against Student Loan Pro, a California sole proprietorship that telemarketed and provided debt-relief services focused on federal student-loan debt; Judith Noh, its owner; and Syed Gilani, its manager and owner-in-fact."
yorba-capital-management-llc-and-daniel-portilla-jr,2021-04-06,"Yorba Capital Management, LLC and Daniel Portilla, Jr.",,,,,,https://www.consumerfinance.gov/enforcement/actions/yorba-capital-management-llc-and-daniel-portilla-jr/,,,"On April 6, 2021, the Bureau issued a consent order against Yorba Capital Management, LLC, a third-party debt collection company, headquartered in Anaheim California, and its former sole owner and managing member, Daniel Portilla, Jr."
settleit-inc,2021-04-13,"SettleIt, Inc.",,,,,,https://www.consumerfinance.gov/enforcement/actions/settleit-inc/,,,"On April 13, 2021, the Bureau filed a proposed stipulated final judgment and order in U.S. District Court to resolve allegations that SettleIt, Inc., a California-based debt-settlement company, violated the Telemarketing Sales Rule and engaged in abusive acts and practices under the Consumer Financial Protection Act."
douglas-mackinnon-amy-mackinnon-mary-kate-mackinnon-and-matthew-mackinnon,2021-04-22,"Douglas MacKinnon, Amy MacKinnon, Mary-Kate MacKinnon, and Matthew MacKinnon",,,,,,https://www.consumerfinance.gov/enforcement/actions/douglas-mackinnon-amy-mackinnon-mary-kate-mackinnon-and-matthew-mackinnon/,,,"On April 22, 2021, the Bureau filed a lawsuit against Douglas MacKinnon, who operated a debt-collection enterprise, and Amy MacKinnon, Mary-Kate MacKinnon, and Matthew MacKinnon, relatives of Douglas MacKinnon."
nationwide-equities-corporation,2021-04-27,Nationwide Equities Corporation,,,,,,https://www.consumerfinance.gov/enforcement/actions/nationwide-equities-corporation/,,,"On April 27, 2021, the Bureau issued a consent order against Nationwide Equities Corporation (NWEC), a reverse mortgage broker and lender."
3rd-generation-inc-dba-california-auto-finance,2021-05-21,"3rd Generation, Inc. d/b/a California Auto Finance",,,,,,https://www.consumerfinance.gov/enforcement/actions/3rd-generation-inc-dba-california-auto-finance/,,,"On May 21, 2021, the Bureau issued a consent order against 3rd Generation, Inc., a California corporation doing business as California Auto Finance (California Auto)."
burlington-financial-group-llc-richard-burnham-katherine-burnham-sang-yi,2021-06-28,"Burlington Financial Group, LLC, Richard Burnham, Katherine Burnham, and Sang Yi",,,,,,https://www.consumerfinance.gov/enforcement/actions/burlington-financial-group-llc-richard-burnham-katherine-burnham-sang-yi/,,,"On June 28, 2021, the Bureau filed a lawsuit in the United States District Court for the Northern District of Georgia, and on the following day, the Bureau filed a proposed stipulated final judgment and order against Burlington Financial Group, LLC, and its principals, Richard Burnham, Katherine Burnham, and Sang Yi, which the court entered the same day."
greensky-llc,2021-07-12,"GreenSky, LLC",,,,,,https://www.consumerfinance.gov/enforcement/actions/greensky-llc/,,,"On July 12, 2021, the Bureau issued a consent order against GreenSky LLC (GreenSky), a financial technology company that services and facilitates the origination of consumer loans."
better-future-forward-inc,2021-09-07,"Better Future Forward, Inc.",,,,,,https://www.consumerfinance.gov/enforcement/actions/better-future-forward-inc/,,,"On September 7, 2021, the Bureau issued a consent order against Better Future Forward, Inc.; Better Future Forward Manager, LLC; Better Future Forward Opportunity ISA Fund (CP1), LLC; and Better Future Forward Opportunity ISA Fund (CH1), LLC (collectively, “BFF”), which are companies that provide students with income-share agreements (ISAs) to finance postsecondary education."
lendup-loans-llc-2,2021-09-08,"LendUp Loans, LLC",,,,,,https://www.consumerfinance.gov/enforcement/actions/lendup-loans-llc-2/,,,"On September 8, 2021, the Bureau filed a lawsuit in the United States District Court for the Northern District of California against LendUp Loans, LLC."
daniel-a-rosen-inc-dba-credit-repair-cloud-and-daniel-rosen,2021-09-20,"Daniel A. Rosen, Inc., d/b/a Credit Repair Cloud, and Daniel Rosen",,,,,,https://www.consumerfinance.gov/enforcement/actions/daniel-a-rosen-inc-dba-credit-repair-cloud-and-daniel-rosen/,,,"On September 20, 2021, the Bureau filed a lawsuit against Credit Repair Cloud — a Los Angeles, California, company that since at least 2013 has provided an “all-in-one solution” for people to start their own credit repair businesses — and its owner and CEO, Daniel Rosen."
american-advisors-group-2,2021-10-08,American Advisors Group,,,,,,https://www.consumerfinance.gov/enforcement/actions/american-advisors-group-2/,,,"On October 8, 2021, the Bureau filed a lawsuit and proposed stipulated final judgment and order in the United States District Court for the Central District of California against American Advisors Group (AAG)."
jpay-llc,2021-10-19,"JPay, LLC",,,,,,https://www.consumerfinance.gov/enforcement/actions/jpay-llc/,,,"On October 19, 2021, the Bureau issued a consent order against JPay, LLC (JPay). JPay, headquartered in Miramar, Florida, contracts with Departments of Corrections around the country to provide financial products and services to incarcerated and formerly incarcerated individuals."
trustmark-national-bank,2021-10-22,Trustmark National Bank,,,,,,https://www.consumerfinance.gov/enforcement/actions/trustmark-national-bank/,,,"On October 22, 2021, the Bureau, together with the United States Department of Justice (DOJ), filed a complaint and proposed consent order in the federal district court for the Western District of Tennessee in settlement of claims against Trustmark National Bank (Trustmark), which is headquartered in Jackson, Mississippi."
firstcash-inc-and-cash-america-west-inc,2021-11-12,"FirstCash, Inc., Cash America West, Inc., and First Cash Subsidiaries",,,,,,https://www.consumerfinance.gov/enforcement/actions/firstcash-inc-and-cash-america-west-inc/,,,"On November 12, 2021, the Bureau filed a lawsuit against FirstCash, Inc. and Cash America West, Inc."
craig-manseth-jacob-adamo-darren-turco-united-debt-holding-llc-jtm-capital-management-llc-and-united-holdings-group-llc,2022-01-10,"Craig Manseth, Jacob Adamo, Darren Turco, United Debt Holding LLC, JTM Capital Management, LLC, and United Holdings Group, LLC",,,,,,https://www.consumerfinance.gov/enforcement/actions/craig-manseth-jacob-adamo-darren-turco-united-debt-holding-llc-jtm-capital-management-llc-and-united-holdings-group-llc/,,,"On January 10, 2022, the Bureau filed a lawsuit in the United States District Court for the Western District of New York against several individual debt collectors and buyers, and their companies."
edfinancial-services,2022-03-30,Edfinancial Services,,,,,,https://www.consumerfinance.gov/enforcement/actions/edfinancial-services/,,,"On March 30, 2022, the Bureau issued an order against Edfinancial Services, LLC. (Edfinancial). Edfinancial, headquartered in Knoxville, Tennessee, is a student loan servicer that services both FFELP loans, which are loans from private companies, and Direct Loans, which are loans directly from the Department of Education."
transunion-et-al,2022-04-12,"TransUnion; Trans Union, LLC; TransUnion Interactive, Inc.; and John T. Danaher",,,,,,https://www.consumerfinance.gov/enforcement/actions/transunion-et-al/,,,"On April 12, 2022, the Bureau filed a lawsuit in the federal district court for the Northern District of Illinois against TransUnion, parent company of one of the three nationwide consumer reporting agencies, and two of its subsidiaries, TransUnion, LLC, TransUnion Interactive, Inc. (collectively, the TransUnion Companies), which are headquartered in Chicago, Illinois, as well as former executive John Danaher."
moneygram-international-inc-and-moneygram-payment-systems-inc,2022-04-21,"MoneyGram International, Inc. and MoneyGram Payment Systems, Inc.",,,,,,https://www.consumerfinance.gov/enforcement/actions/moneygram-international-inc-and-moneygram-payment-systems-inc/,,,"On April 21, 2022, the Bureau filed a lawsuit jointly with the Attorney General of New York against MoneyGram International, Inc. and MoneyGram Payment Systems, Inc. (collectively, MoneyGram), nonbank remittance transfer providers headquartered in Dallas, Texas."
bank-of-america-na,2022-05-04,"Bank of America, N.A.",,,,,,https://www.consumerfinance.gov/enforcement/actions/bank-of-america-na/,,,"On May 4, 2022, the Bureau issued a consent order against Bank of America, N.A., an insured depository institution, to address Bank of America’s processing of garnishment notices."
ram-payment-llc-et-al,2022-05-11,"RAM Payment, LLC, also dba Reliant; Account Management Systems, LLC, fka Reliant Account Management; Gregory Winters; and Stephen Chaya",,,,,,https://www.consumerfinance.gov/enforcement/actions/ram-payment-llc-et-al/,,,"On May 11, 2022, the Bureau issued an order against Tennessee-based RAM Payment, LLC and Account Management Systems, LLC (AMS) and AMS’s co-founders, Gregory Winters and Stephen Chaya."
frank-ronald-gebase-jr,2022-06-09,"Frank Ronald Gebase, Jr.",,,,,,https://www.consumerfinance.gov/enforcement/actions/frank-ronald-gebase-jr/,,,"On June 9, 2022, the Bureau filed a lawsuit in the United States District Court for the Southern District of California against Frank R. Gebase Jr., along with a proposed stipulated final judgment and order."
populus-financial-group-inc-d-b-a-ace-cash-express-inc,2022-07-12,"Populus Financial Group, Inc., d/b/a ACE Cash Express, Inc.",,,,,,https://www.consumerfinance.gov/enforcement/actions/populus-financial-group-inc-d-b-a-ace-cash-express-inc/,,,"On July 12, 2022, the Bureau filed a lawsuit in the U.S. District Court for the Northern District of Texas against Populus Financial Group, Inc., which does business as ACE Cash Express, Inc. (“ACE”)."
bank-of-america-na-2,2022-07-14,"Bank of America, N.A.",,,,,,https://www.consumerfinance.gov/enforcement/actions/bank-of-america-na-2/,,,"On July 14, 2022, the Bureau issued an order against Bank of America, N.A., which is a national bank headquartered in Charlotte, North Carolina with branches and ATMs located in 38 states and the District of Columbia."
hyundai-capital-america,2022-07-26,Hyundai Capital America,,,,,,https://www.consumerfinance.gov/enforcement/actions/hyundai-capital-america/,,,"On July 26, 2022, the Bureau issued a consent order against Hyundai Capital America (HCA), a nonbank automotive finance company based in Irvine, California."
trident-mortgage-company-lp,2022-07-27,"Trident Mortgage Company, LP",,,,,,https://www.consumerfinance.gov/enforcement/actions/trident-mortgage-company-lp/,,,"On July 27, 2022, the Bureau, together with the United States Department of Justice (DOJ), filed a complaint and proposed consent order in the United States District Court for the Eastern District of Pennsylvania to resolve their allegations against Trident Mortgage Company, LP (Trident)."
us-bank-national-association,2022-07-28,U.S. Bank National Association,,,,,,https://www.consumerfinance.gov/enforcement/actions/us-bank-national-association/,,,"On July 28, 2022, the Bureau issued a consent order against U.S. Bank National Association, a national bank headquartered in Minneapolis, Minnesota."
hello-digit-llc,2022-08-10,"Hello Digit, LLC",,,,,,https://www.consumerfinance.gov/enforcement/actions/hello-digit-llc/,,,"On August 10, 2022, the Bureau issued an order against Hello Digit, LLC (“Digit”), a financial-technology company that offers consumers an automated-savings tool."
moneylion-technologies-inc-ml-plus-llc-and-other-subsidiaries,2022-09-29,"MoneyLion Technologies Inc., ML Plus, LLC, and other subsidiaries",,,,,,https://www.consumerfinance.gov/enforcement/actions/moneylion-technologies-inc-ml-plus-llc-and-other-subsidiaries/,,,"On September 29, 2022, the Bureau filed a lawsuit against MoneyLion Technologies Inc. (MoneyLion), ML Plus, LLC, and 37 MoneyLion lending subsidiaries."
choice-money-transfer,2022-10-04,"Choice Money Transfer, Inc. d/b/a Small World Money Transfer",,,,,,https://www.consumerfinance.gov/enforcement/actions/choice-money-transfer/,,,"On October 4, 2022, the Bureau issued an order against Choice Money Transfer, Inc., which does business as Small World Money Transfer (Choice Money)."
active-network-llc,2022-10-18,"ACTIVE Network, LLC",,,,,,https://www.consumerfinance.gov/enforcement/actions/active-network-llc/,,,"On October 18, 2022, the Bureau filed a lawsuit in the United States District Court for the Eastern District of Texas against ACTIVE Network, LLC, a payment processor owned by Global Payments, Inc., with its headquarters in Plano, Texas."
carrington-mortgage-services-llc,2022-11-17,"Carrington Mortgage Services, LLC",,,,,,https://www.consumerfinance.gov/enforcement/actions/carrington-mortgage-services-llc/,,,"On November 17, 2022, the Bureau issued an order against Carrington Mortgage Services, LLC, a California-based mortgage servicer operating in all fifty states."
wells-fargo-bank-na-2022,2022-12-20,"Wells Fargo Bank, N.A.",,,,,,https://www.consumerfinance.gov/enforcement/actions/wells-fargo-bank-na-2022/,,,"On December 20, 2022, the Bureau issued an order against Wells Fargo Bank, N.A., which is a national bank headquartered in Sioux Falls, South Dakota."
servicio-uniteller-inc,2022-12-22,"Servicio UniTeller, Inc.",,,,,,https://www.consumerfinance.gov/enforcement/actions/servicio-uniteller-inc/,,,"On December 22, 2022, the Bureau issued an order against Servicio UniTeller, Inc. (UniTeller), a nonbank remittance transfer provider headquartered in Rochelle Park, New Jersey."
credit-acceptance-corporation,2023-01-04,Credit Acceptance Corporation,,,,,,https://www.consumerfinance.gov/enforcement/actions/credit-acceptance-corporation/,,,"On January 4, 2023, the Bureau and New York Attorney General Letitia James filed a joint lawsuit in the United States District Court for the Southern District of New York against Credit Acceptance Corporation, an indirect auto lender that funds and services car loans for subprime and deep-subprime consumers."
tmx-finance-llc-2023,2023-02-23,TMX Finance LLC,,,,,,https://www.consumerfinance.gov/enforcement/actions/tmx-finance-llc-2023/,,,"On February 23, 2023, the Bureau issued an order against TitleMax parent company TMX Finance LLC, which extends consumer loans that are secured by the title to the borrower’s car."
rmk-financial-corp-majestic-home-loan-mhl,2023-02-27,RMK Financial Corp. d/b/a Majestic Home Loan or MHL,,,,,,https://www.consumerfinance.gov/enforcement/actions/rmk-financial-corp-majestic-home-loan-mhl/,,,"On February 27, 2023, the Consumer Financial Protection Bureau (Bureau) issued an order against RMK Financial Corp. (RMK), a California-based mortgage lender that also does business under the name Majestic Home Loans."
portfolio-recovery-associates-llc,2023-03-23,"Portfolio Recovery Associates, LLC",,,,,,https://www.consumerfinance.gov/enforcement/actions/portfolio-recovery-associates-llc/,,,"On March 23, 2023, the Bureau filed a complaint and proposed stipulated final judgment and order to resolve the Bureau&#39;s claims against Portfolio Recovery..."
james-r-carnes-melissa-c-carnes-james-r-carnes-revocable-trust-melissa-c-carnes-revocable-trust,2023-04-05,James R. Carnes; Melissa C. Carnes; James R. Carnes Revocable Trust; Melissa C. Carnes Revocable Trust,,,,,,https://www.consumerfinance.gov/enforcement/actions/james-r-carnes-melissa-c-carnes-james-r-carnes-revocable-trust-melissa-c-carnes-revocable-trust/,,,"On April 5, 2023, the Bureau filed a lawsuit against James R. Carnes and his wife, Melissa C. Carnes, both individually and in their roles as co-trustees of two trusts, as a result of James Carnes’s efforts to conceal assets and avoid paying a judgment of more than $43 million to the Bureau."
onemain-financial-holdings-llc-et-al,2023-05-31,"OneMain Financial Holdings, LLC; OneMain Financial Group, LLC; OneMain Financial (HI), Inc.; OneMain Financial, Inc.; OneMain Financial of Minnesota, Inc.",,,,,,https://www.consumerfinance.gov/enforcement/actions/onemain-financial-holdings-llc-et-al/,,,"On May 31, 2023, the Consumer Financial Protection Bureau (Bureau) issued an order against OneMain Financial Holdings, LLC; OneMain Financial Group, LLC; OneMain Financial (HI), Inc.; OneMain Financial, Inc.; and OneMain Financial of Minnesota, Inc. (collectively referred to as OneMain). OneMain is an Indiana-based personal loan installment lender with more than 1,400 branches across 44 states."
phoenix-financial-services-llc,2023-06-08,"Phoenix Financial Services, LLC",,,,,,https://www.consumerfinance.gov/enforcement/actions/phoenix-financial-services-llc/,,,"On June 8, 2023, the Consumer Financial Protection Bureau (Bureau) issued an order against Phoenix Financial Services, LLC (Phoenix), an Indiana-based debt collector that collects primarily past-due medical debts and furnishes information about consumers to consumer reporting agencies (CRAs)."
aci-worldwide-corp-and-aci-payments-inc,2023-06-27,ACI Worldwide Corp. and ACI Payments Inc.,,,,,,https://www.consumerfinance.gov/enforcement/actions/aci-worldwide-corp-and-aci-payments-inc/,,,"On June 27, 2023, the Bureau issued an order against ACI Worldwide Corp. and ACI Payments Inc. (collectively, ACI), a nationwide payment processor headquartered in Elkhorn, Nebraska."
bank-of-america-n-a-fees,2023-07-11,"Bank of America, N.A.",,,,,,https://www.consumerfinance.gov/enforcement/actions/bank-of-america-n-a-fees/,,,"On July 11, 2023, the Bureau issued an order against Bank of America, N.A., which is a national bank headquartered in Charlotte, North Carolina with branches and ATMs located in 38 states and the District of Columbia."
bank-of-america-n-a-sales-practices-credit-card-rewards,2023-07-11,"Bank of America, N.A.",,,,,,https://www.consumerfinance.gov/enforcement/actions/bank-of-america-n-a-sales-practices-credit-card-rewards/,,,"On July 11, 2023, the Bureau issued an order against Bank of America, N.A., which is a depository institution based in Charlotte, North Carolina to address the Bureau’s findings regarding the bank’s opening unauthorized consumer financial accounts and its misleading statements regarding certain credit cards rewards."
prehired-llc-et-al,2023-07-13,"Prehired, LLC, Prehired Recruiting, LLC, and Prehired Accelerator, LLC",,,,,,https://www.consumerfinance.gov/enforcement/actions/prehired-llc-et-al/,,,"On July 13, 2023, the Bureau and several state partners filed a complaint in an adversary proceeding against Prehired, LLC, Prehired Recruiting, LLC, and Prehired Accelerator, LLC."
snap-finance-llc-snap-rto-llc-snap-second-look-llc-snap-us-holdings-llc-snap-finance-holdings-llc,2023-07-19,"Snap Finance LLC, Snap RTO LLC, Snap Second Look LLC, Snap U.S. Holdings LLC, Snap Finance Holdings LLC",,,,,,https://www.consumerfinance.gov/enforcement/actions/snap-finance-llc-snap-rto-llc-snap-second-look-llc-snap-us-holdings-llc-snap-finance-holdings-llc/,,,"On July 19, 2023, the Bureau filed a lawsuit against Snap Finance LLC, Snap RTO LLC, Snap Second Look LLC, Snap U.S. Holdings LLC, and Snap Finance Holdings LLC (collectively, Snap), a group of interrelated companies headquartered in West Valley, Utah."
usasf-servicing-llc,2023-08-02,"USASF Servicing, LLC",,,,,,https://www.consumerfinance.gov/enforcement/actions/usasf-servicing-llc/,,,"On August 2, 2023, the Bureau filed a lawsuit against USASF Servicing, LLC, an auto-loan servicer headquartered in Lawrenceville, Georgia."
freedom-mortgage-corporation-2023-respa,2023-08-17,Freedom Mortgage Corporation,,,,,,https://www.consumerfinance.gov/enforcement/actions/freedom-mortgage-corporation-2023-respa/,,,"On August 17, 2023, the Bureau issued an order against Freedom Mortgage Corporation (Freedom), a residential mortgage loan originator and servicer headquartered in Boca Raton, Florida."
realty-connect-usa-long-island-inc,2023-08-17,"Realty Connect USA Long Island, Inc.",,,,,,https://www.consumerfinance.gov/enforcement/actions/realty-connect-usa-long-island-inc/,,,"On August 17, 2023, the Bureau issued an order against Realty Connect USA Long Island, Inc. (Realty Connect), a real estate brokerage firm based in Suffolk County, New York."
heights-finance-holding-co-fka-southern-management-corporation-et-al,2023-08-22,"Heights Finance Holding Co. f/k/a Southern Management Corporation, et al.",,,,,,https://www.consumerfinance.gov/enforcement/actions/heights-finance-holding-co-fka-southern-management-corporation-et-al/,,,"On August 22, 2023, the Bureau filed a lawsuit against Heights Finance Holding Co. f/k/a Southern Management Corporation as well as its wholly owned, state-licensed subsidiaries."
tempoe-llc,2023-09-11,"Tempoe, LLC",,,,,,https://www.consumerfinance.gov/enforcement/actions/tempoe-llc/,,,"On September 11, 2023, the Bureau issued an order against Tempoe, LLC, a nonbank consumer finance company, with offices in Cincinnati, Ohio and Manchester, New Hampshire."
freedom-mortgage-corporation-hmda-2023,2023-10-10,Freedom Mortgage Corporation,,,,,,https://www.consumerfinance.gov/enforcement/actions/freedom-mortgage-corporation-hmda-2023/,,,"On October 10, 2023, the Bureau filed a lawsuit against Freedom Mortgage Corporation (Freedom), a residential mortgage loan originator and servicer headquartered in Boca Raton, Florida."
transunion-rental-screening-solutions-inc-and-trans-union-llc,2023-10-12,"TransUnion Rental Screening Solutions, Inc. and Trans Union LLC",,,,,,https://www.consumerfinance.gov/enforcement/actions/transunion-rental-screening-solutions-inc-and-trans-union-llc/,,,"On October 12, 2023, the Bureau and the Federal Trade Commission filed a joint complaint and stipulated order against TransUnion Rental Screening Solutions, Inc., a Delaware corporation with its principal place of business in Greenwood Village, Colorado, and its parent company, Trans Union LLC, a Delaware company with its principal place of business in Chicago, Illinois."
transunion-trans-union-llc-and-transunion-interactive-inc,2023-10-12,"TransUnion, Trans Union LLC, and TransUnion Interactive, Inc.",,,,,,https://www.consumerfinance.gov/enforcement/actions/transunion-trans-union-llc-and-transunion-interactive-inc/,,,"On October 12, 2023, the Bureau issued an order against TransUnion, parent company of one of the three nationwide consumer reporting agencies, and two of its subsidiaries, Trans Union LLC, and TransUnion Interactive, Inc., which are headquartered in Chicago, Illinois."
chime-inc-dba-sendwave,2023-10-17,"Chime, Inc. d/b/a Sendwave",,,,,,https://www.consumerfinance.gov/enforcement/actions/chime-inc-dba-sendwave/,,,"On October 17, 2023, the Bureau issued an order against Chime, Inc. doing business as Sendwave, a nonbank remittance transfer provider headquartered in Boston, Massachusetts."
citibank-n-a,2023-11-08,"Citibank, N.A.",,,,,,https://www.consumerfinance.gov/enforcement/actions/citibank-n-a/,,,"On November 8, 2023, the Bureau issued an order against Citibank, N.A., which is a national bank headquartered in New York City, New York."
enova-international-inc-2023,2023-11-15,"Enova International, Inc.",,,,,,https://www.consumerfinance.gov/enforcement/actions/enova-international-inc-2023/,,,"On November 15, 2023, the Bureau issued an order against Enova International, Inc., a publicly-traded online small-dollar lender, headquartered in Chicago, Illinois, that markets, provides, and services loans under the brand names CashNetUSA (CNU) and NetCredit."
toyota-motor-credit-corporation-2023,2023-11-20,Toyota Motor Credit Corporation,,,,,,https://www.consumerfinance.gov/enforcement/actions/toyota-motor-credit-corporation-2023/,,,"On November 20, 2023, the Bureau issued an order against Toyota Motor Credit Corporation (“Toyota Credit”), which is the United States-based auto-financing arm of Toyota Motor Corporation and one of the largest indirect auto lenders in the country."
bank-of-america-na-hmda-data-2023,2023-11-28,"Bank of America, N.A.",,,,,,https://www.consumerfinance.gov/enforcement/actions/bank-of-america-na-hmda-data-2023/,,,"On November 28, 2023, the Bureau issued an order against Bank of America, N.A., which is a national bank headquartered in Charlotte, North Carolina with branches and ATMs located in 38 states and the District of Columbia."
atlantic-union-bank,2023-12-07,Atlantic Union Bank,,,,,,https://www.consumerfinance.gov/enforcement/actions/atlantic-union-bank/,,,"On December 7, 2023, the Bureau issued an order against Atlantic Union Bank, a regional bank headquartered in Richmond, Virginia."
commonwealth-financial-systems-inc,2023-12-15,"Commonwealth Financial Systems, Inc.",,,,,,https://www.consumerfinance.gov/enforcement/actions/commonwealth-financial-systems-inc/,,,"On December 15, 2023, the Bureau issued an order against Commonwealth Financial Systems, Inc. (Commonwealth), a Pennsylvania-based third-party debt collection company that collects past-due medical debts and furnishes information about consumers to consumer reporting agencies (CRAs)."
us-bank-national-association-prepaid-cards-2023,2023-12-19,U.S. Bank National Association,,,,,,https://www.consumerfinance.gov/enforcement/actions/us-bank-national-association-prepaid-cards-2023/,,,"On December 19, 2023, the Bureau issued an order against U.S. Bank in connection with its administration of prepaid debit cards that held unemployment insurance benefits."
colony-ridge,2023-12-20,"Colony Ridge Development, LLC; Colony Ridge BV, LLC; Colony Ridge Land, LLC; and Loan Originator Services, LLC",,,,,,https://www.consumerfinance.gov/enforcement/actions/colony-ridge/,,,"On December 11, 2023, the Bureau, together with the United States Department of Justice (DOJ), filed a complaint against land development companies Colony Ridge Development, LLC and Colony Ridge BV, LLC, affiliate mortgage company Colony Ridge Land, LLC (collectively, the Colony Ridge defendants), and loan origination company Loan Originator Services, LLC."
stratfs-llc-fka-strategic-financial-solutions-llc-et-al,2024-01-10,"StratFS, LLC f/k/a Strategic Financial Solutions, LLC, et al.",,,,,,https://www.consumerfinance.gov/enforcement/actions/stratfs-llc-fka-strategic-financial-solutions-llc-et-al/,,,"On January 10, 2024, the Bureau and seven state attorneys general filed a complaint and sought a temporary restraining order and preliminary injunction against StratFS, LLC f/k/a Strategic Financial Solutions, LLC, as well as its holding company Strategic Family, Inc.; various of its subsidiaries, and as individuals: SFS Chief Executive Officer Ryan Sasson, Jason Blust, Daniel Blumkin, and Albert Ian Behar."
bloomtech-inc-and-austen-allred,2024-04-17,"BloomTech Inc., d/b/a Bloom Institute of Technology or BloomTech, f/k/a Lambda, Inc.; and Austen Allred",,,,,,https://www.consumerfinance.gov/enforcement/actions/bloomtech-inc-and-austen-allred/,,,"On April 17, 2024, the Bureau issued an order against BloomTech, Inc., a for-profit vocational school that is also known as the Bloom Institute of Technology and was formerly known as the Lambda School, and Austen Allred, the company’s founder and CEO."
pennsylvania-higher-education-assistance-agency-and-national-collegiate-student-loan-trusts,2024-05-06,"Pennsylvania Higher Education Assistance Agency, and National Collegiate Student Loan Trusts",,,,,,https://www.consumerfinance.gov/enforcement/actions/pennsylvania-higher-education-assistance-agency-and-national-collegiate-student-loan-trusts/,,,"On May 6, 2024, the Consumer Financial Protection Bureau filed a complaint and two proposed stipulated final judgments to resolve the Bureau’s claims against the National Collegiate Student Loan Trusts (the Trusts) and the Pennsylvania Higher Education Assistance Agency d/b/a American Education Services (PHEAA), respectively."
chime-financial-inc,2024-05-07,"Chime Financial, Inc.",,,,,,https://www.consumerfinance.gov/enforcement/actions/chime-financial-inc/,,,"On May 7, 2024, the Bureau issued an order against Chime Financial, Inc. (Chime), a financial-technology company that designed and services consumer banking accounts for two separate FDIC-insured “partner banks.”"
solo-funds,2024-05-17,"SoLo Funds, Inc.",,,,,,https://www.consumerfinance.gov/enforcement/actions/solo-funds/,,,"On May 17, 2024, the Bureau filed a lawsuit against SoLo Funds, Inc. (SoLo), a fintech company that operates a nationwide website and mobile-application based peer-to-peer lending platform through which consumers can obtain small-dollar, short-term loans."
western-benefits-group-llc,2024-05-20,"Western Benefits Group, LLC",,,,,,https://www.consumerfinance.gov/enforcement/actions/western-benefits-group-llc/,,,"On May 20, 2024, the Bureau issued an order against Western Benefits Group, LLC, a telemarketer and seller of student-loan debt-relief services, headquartered in Pleasanton, California."
pennsylvania-higher-education-assistance-agency-pheaa-dba-american-education-services-or-aes,2024-05-31,Pennsylvania Higher Education Assistance Agency (PHEAA) d/b/a American Education Services or AES,,,,,,https://www.consumerfinance.gov/enforcement/actions/pennsylvania-higher-education-assistance-agency-pheaa-dba-american-education-services-or-aes/,,,"On May 31, 2024, the Bureau filed a lawsuit against the Pennsylvania Higher Education Assistance Agency (PHEAA), a student loan servicer and guaranty agency headquartered in Harrisburg, Pennsylvania, which does business as American Education Services or AES."
novad-management-consulting-llc,2024-06-18,"NOVAD Management Consulting, LLC",,,,,,https://www.consumerfinance.gov/enforcement/actions/novad-management-consulting-llc/,,,"On June 18, 2024, the Bureau issued an order against NOVAD Management Consulting, LLC. NOVAD ran a loan-servicing operation that serviced home equity conversion mortgages, or reverse mortgage loans, on behalf of the Department of Housing and Urban Development (HUD)."
sutherland-global-services-inc,2024-06-18,"Sutherland Global Services, Inc., Sutherland Mortgage Services, Inc., and Sutherland Government Solutions, Inc.",,,,,,https://www.consumerfinance.gov/enforcement/actions/sutherland-global-services-inc/,,,"On June 18, 2024, the Bureau issued an order against Sutherland Global Services, Inc., Sutherland Mortgage Services, Inc., and Sutherland Government Solutions, Inc. Sutherland ran a loan-servicing operation that serviced home equity conversion mortgages, or reverse mortgage loans, on behalf of the Department of Housing and Urban Development (HUD)"
fifth-third-bank-na-fpi-2024,2024-07-09,"Fifth Third Bank, N.A.",,,,,,https://www.consumerfinance.gov/enforcement/actions/fifth-third-bank-na-fpi-2024/,,,"On July 9, 2024, the Bureau issued an order against Fifth Third Bank, N.A., a national bank that, among other things, offers and services motor vehicle loans to consumers directly and through a variety of vehicle dealers."
acima-allred,2024-07-26,"Acima Holdings, LLC; Acima Digital, LLC; and Aaron Allred",,,,,,https://www.consumerfinance.gov/enforcement/actions/acima-allred/,,,"On July 26, 2024, the Bureau filed a lawsuit against Acima Holdings, LLC and Acima Digital, LLC (collectively, “Acima”), and Acima’s founder and former CEO, Aaron Allred (“Allred”)."
fay-servicing-llc-2024,2024-08-21,"Fay Servicing, LLC",,,,,,https://www.consumerfinance.gov/enforcement/actions/fay-servicing-llc-2024/,,,"On August 21, 2024, the Bureau issued an order against Fay Servicing, LLC, a residential mortgage servicer headquartered in Tampa, Florida."
new-day-financial-2024,2024-08-29,"New Day Financial, LLC",,,,,,https://www.consumerfinance.gov/enforcement/actions/new-day-financial-2024/,,,"On August 29, 2024, the Bureau issued an order against New Day Financial, LLC (NewDay USA), a nonbank direct mortgage lender headquartered in West Palm Beach, Florida, specializing in offering refinance mortgage loans guaranteed by the United States Department of Veterans Affairs."
td-bank-na-furnishing-2024,2024-09-11,"TD Bank, N.A.",,,,,,https://www.consumerfinance.gov/enforcement/actions/td-bank-na-furnishing-2024/,,,"On September 11, 2024, the Bureau issued an order against TD Bank, N.A., a national bank headquartered in Cherry Hill, New Jersey."
reliant-holdings-inc-dba-horizon-card-services-and-robert-kane,2024-09-13,"Reliant Holdings, Inc. d/b/a Horizon Card Services; and Robert Kane",,,,,,https://www.consumerfinance.gov/enforcement/actions/reliant-holdings-inc-dba-horizon-card-services-and-robert-kane/,,,"On September 13, 2024, the Bureau filed a lawsuit against Reliant Holdings, Inc., d/b/a Horizon Card Services and Robert Kane, its sole shareholder, owner, and chief executive officer."
ejudicate-inc-dba-brief,2024-10-10,"Ejudicate, Inc., d/b/a Brief",,,,,,https://www.consumerfinance.gov/enforcement/actions/ejudicate-inc-dba-brief/,,,"On October 10, 2024, the Bureau issued an order against Ejudicate, Inc., d/b/a Brief, a company based in Los Angeles, California."
fairway-independent-mortgage-corporation,2024-10-15,Fairway Independent Mortgage Corporation,,,,,,https://www.consumerfinance.gov/enforcement/actions/fairway-independent-mortgage-corporation/,,,"On October 15, 2024, the Bureau, together with the United States Department of Justice, filed a complaint and proposed consent order to resolve their allegations against Fairway Independent Mortgage Corporation."
climb-credit-inc-et-al,2024-10-17,"Climb Credit, Inc.; Climb Investco, LLC; Climb GS Loan Fund 2018-1, LLC; 1/0 Holdco LLC; and 1/0 Capital LLC",,,,,,https://www.consumerfinance.gov/enforcement/actions/climb-credit-inc-et-al/,,,"On October 17, 2024, the Bureau filed a lawsuit against Climb Credit, Inc.; its wholly owned subsidiary Climb Investco, LLC; its wholly owned sub-subsidiary Climb GS Loan Fund 2018-1, LLC; and the originators, initial owners, and initial operators of these entities, 1/0 Holdco LLC and 1/0 Capital LLC."
apple-inc,2024-10-23,Apple Inc.,,,,,,https://www.consumerfinance.gov/enforcement/actions/apple-inc/,,,"On October 23, 2024, the Bureau issued an order against Apple Inc."
goldman-sachs-bank-usa,2024-10-23,Goldman Sachs Bank USA,,,,,,https://www.consumerfinance.gov/enforcement/actions/goldman-sachs-bank-usa/,,,"On October 23, 2024, the Bureau issued an order against Goldman Sachs Bank USA."
vystar-credit-union,2024-10-31,VyStar Credit Union,,,,,,https://www.consumerfinance.gov/enforcement/actions/vystar-credit-union/,,,"On October 31, 2024, the Bureau issued an order against Vystar Credit Union."
navy-federal-credit-union-overdraft-2024,2024-11-07,Navy Federal Credit Union,,,,,,https://www.consumerfinance.gov/enforcement/actions/navy-federal-credit-union-overdraft-2024/,,,"On November 7, 2024, the Bureau issued an order against Navy Federal Credit Union, headquartered in Vienna, Virginia."
global-tel-link-corp-et-al,2024-11-14,"Global Tel Link Corporation d/b/a ViaPath Technologies; Telmate, LLC d/b/a ViaPath Technologies; and TouchPay Holdings, LLC d/b/a GTL Financial Services",,,,,,https://www.consumerfinance.gov/enforcement/actions/global-tel-link-corp-et-al/,,,"On November 14, 2024, the Bureau issued an order against Global Tel Link Corporation, d/b/a ViaPath Technologies, and its subsidiaries Telmate, LLC, d/b/a ViaPath Technologies, and TouchPay Holdings, LLC, d/b/a GTL Financial Services."
comerica-bank,2024-12-06,Comerica Bank,,,,,,https://www.consumerfinance.gov/enforcement/actions/comerica-bank/,,,"On December 6, 2024, the Bureau filed a complaint against Comerica Bank. Comerica is a Texas banking association headquartered in Dallas, Texas, and is a subsidiary of Comerica Incorporated, one of the largest banking associations in the country."
performant-recovery-inc,2024-12-09,"Performant Recovery, Inc.",,,,,,https://www.consumerfinance.gov/enforcement/actions/performant-recovery-inc/,,,"On December 9, 2024, the Bureau issued an order against Performant Recovery, Inc., to address its unlawful collection activities involving student-loan borrowers who were attempting to bring their student loans out of default."
early-warning-services-llc-bank-of-america-na-jpmorgan-chase-bank-na-wells-fargo-bank-na,2024-12-20,"Early Warning Services, LLC; Bank of America, N.A.; JPMorgan Chase Bank, N.A.; Wells Fargo Bank, N.A",,,,,,https://www.consumerfinance.gov/enforcement/actions/early-warning-services-llc-bank-of-america-na-jpmorgan-chase-bank-na-wells-fargo-bank-na/,,,"On December 20, 2024, the Bureau filed a lawsuit against Early Warning Services, LLC (EWS), Bank of America, N.A., JPMorgan Chase Bank, N.A., and Wells Fargo Bank, N.A., claiming they failed to safeguard the Zelle network from fraud and other defects, which resulted in hundreds of millions of dollars in consumer losses."
walmart-inc-and-branch-messenger-inc,2024-12-23,"Walmart Inc., and Branch Messenger, Inc.",,,,,,https://www.consumerfinance.gov/enforcement/actions/walmart-inc-and-branch-messenger-inc/,,,"On December 23, 2024, the Bureau filed a complaint against Walmart Inc., and Branch Messenger, Inc."
rocket-homes-real-estate-llc-et-al,2024-12-23,"Rocket Homes Real Estate LLC, dba Rocket Homes; JMG Holding Partners LLC, dba The Jason Mitchell Group; 45 real estate brokerage affiliates; and Jason Mitchell",,,,,,https://www.consumerfinance.gov/enforcement/actions/rocket-homes-real-estate-llc-et-al/,,,"On December 23, 2024, the Bureau filed a lawsuit against Rocket Homes Real Estate, LLC, doing business as Rocket Homes, JMG Holding Partners LLC, doing business as The Jason Mitchell Group, 45 of its affiliates (collectively, The Mitchell Group), and Jason Mitchell, the majority owner and Chief Executive Officer of The Mitchell Group."
